0aaa29830.jpg,new_whale new_whale new_whale w_60ce6fc w_f6c5343 
00028a005.jpg,new_whale w_9a1a810 w_51e7506 w_d91feb2 w_40a8585 
000dcf7d8.jpg,new_whale new_whale new_whale new_whale w_0bf90d9 
000e7c7df.jpg,new_whale new_whale new_whale new_whale w_9ba4a9a 
0019c34f4.jpg,new_whale w_23852a0 w_5a3e0de w_55b77ce new_whale 
001a4d292.jpg,w_e12b78d w_ad343a6 w_ab629bb new_whale new_whale 
00247bc36.jpg,w_cfcace7 w_cbb15d2 new_whale w_3a91b10 w_cd6743e 
0027089a4.jpg,new_whale w_7e2eb3d w_d405854 w_d405854 w_861e504 
002de4d94.jpg,w_e885d82 w_8f4d879 new_whale new_whale w_37d2f3a 
002f52f0c.jpg,w_90c9763 w_88e4537 w_88e4537 new_whale new_whale 
002fd89d4.jpg,w_37d2f3a new_whale new_whale new_whale new_whale 
00313e2d2.jpg,w_26c0ffd w_14330a0 w_fe881f2 w_20c0bc0 new_whale 
00379666f.jpg,new_whale w_6525e6b w_53feb91 new_whale w_53feb91 
0041a9867.jpg,w_60f11fb new_whale w_69c06ad new_whale w_27a6304 
004344e9f.jpg,w_27597ff w_bf41c21 new_whale new_whale w_60cf87c 
0048970f9.jpg,w_e1ffbe2 new_whale w_659bdb8 new_whale w_003bae6 
004fa8ff7.jpg,new_whale new_whale w_37d2f3a new_whale w_c0b01ea 
00512687e.jpg,w_10f67bb new_whale w_584e1dc w_b128587 w_23a388d 
006183fb4.jpg,new_whale w_a9822dd new_whale w_ab629bb new_whale 
0061febfc.jpg,new_whale new_whale w_4bf625b new_whale new_whale 
0065d4964.jpg,w_e71f9c7 w_659bdb8 new_whale new_whale w_659bdb8 
00744bd58.jpg,w_6e6307e w_700ebb4 w_f7cd240 new_whale w_80f481f 
007886aef.jpg,w_edce644 new_whale new_whale new_whale w_edce644 
008a4bc86.jpg,new_whale w_48619b3 new_whale w_396c12b w_90c9763 
009dd6c96.jpg,w_ae32f8b w_34ecf36 w_f3a12bc w_34ecf36 w_a5c74f4 
00a427ac6.jpg,new_whale w_d6aa3f3 w_5a3e0de w_d6aa3f3 w_12cc52d 
00ac0fca6.jpg,w_3de579a w_3de579a w_37d2f3a w_3de579a w_04d4568 
00bb36bcf.jpg,w_025911c w_8003858 w_d3e4d19 w_3e4b155 w_aee6701 
00ca82e74.jpg,w_85d9229 w_f459442 new_whale new_whale w_d97c490 
00ccb53ec.jpg,new_whale w_72f3685 w_4690940 w_fe59266 w_310a94d 
00d101f4b.jpg,w_8daccba new_whale w_f0eddab w_990921b w_2df85e7 
00dc02f06.jpg,w_5ad70f3 new_whale w_2365d55 w_88e4537 w_f652809 
00e94fd56.jpg,w_420254e new_whale w_456646a w_d17b0c5 w_2365d55 
00edab267.jpg,new_whale new_whale w_ab629bb new_whale new_whale 
00f44f4e1.jpg,w_c5e1472 w_e107383 w_529fa56 w_6c995fd new_whale 
00ff45291.jpg,new_whale w_310a94d new_whale new_whale new_whale 
01034a160.jpg,new_whale w_972e51e w_ab7c369 w_26f7c39 new_whale 
0110a64a9.jpg,w_13c1b55 new_whale w_13c1b55 w_778e474 w_3fb99a3 
00028a005.jpg,new_whale w_9a1a810 w_51e7506 w_d91feb2 w_40a8585 
000dcf7d8.jpg,new_whale new_whale new_whale new_whale w_0bf90d9 
000e7c7df.jpg,new_whale new_whale new_whale new_whale w_9ba4a9a 
0019c34f4.jpg,new_whale w_23852a0 w_5a3e0de w_55b77ce new_whale 
001a4d292.jpg,w_e12b78d w_ad343a6 w_ab629bb new_whale new_whale 
00247bc36.jpg,w_cfcace7 w_cbb15d2 new_whale w_3a91b10 w_cd6743e 
0027089a4.jpg,new_whale w_7e2eb3d w_d405854 w_d405854 w_861e504 
002de4d94.jpg,w_e885d82 w_8f4d879 new_whale new_whale w_37d2f3a 
002f52f0c.jpg,w_90c9763 w_88e4537 w_88e4537 new_whale new_whale 
002fd89d4.jpg,w_37d2f3a new_whale new_whale new_whale new_whale 
00313e2d2.jpg,w_26c0ffd w_14330a0 w_fe881f2 w_20c0bc0 new_whale 
00379666f.jpg,new_whale w_6525e6b w_53feb91 new_whale w_53feb91 
0041a9867.jpg,w_60f11fb new_whale w_69c06ad new_whale w_27a6304 
004344e9f.jpg,w_27597ff w_bf41c21 new_whale new_whale w_60cf87c 
0048970f9.jpg,w_e1ffbe2 new_whale w_659bdb8 new_whale w_003bae6 
004fa8ff7.jpg,new_whale new_whale w_37d2f3a new_whale w_c0b01ea 
00512687e.jpg,w_10f67bb new_whale w_584e1dc w_b128587 w_23a388d 
00028a005.jpg,new_whale w_9a1a810 w_51e7506 w_d91feb2 w_40a8585 
000dcf7d8.jpg,new_whale new_whale new_whale new_whale w_0bf90d9 
000e7c7df.jpg,new_whale new_whale new_whale new_whale w_9ba4a9a 
0019c34f4.jpg,new_whale w_23852a0 w_5a3e0de w_55b77ce new_whale 
001a4d292.jpg,w_e12b78d w_ad343a6 w_ab629bb new_whale new_whale 
00247bc36.jpg,w_cfcace7 w_cbb15d2 new_whale w_3a91b10 w_cd6743e 
00028a005.jpg,new_whale w_9a1a810 w_51e7506 w_d91feb2 w_40a8585 
000dcf7d8.jpg,new_whale new_whale new_whale new_whale w_0bf90d9 
000e7c7df.jpg,new_whale new_whale new_whale new_whale w_9ba4a9a 
0019c34f4.jpg,new_whale w_23852a0 w_5a3e0de w_55b77ce new_whale 
001a4d292.jpg,w_e12b78d w_ad343a6 w_ab629bb new_whale new_whale 
